Gaze direction,Time
Left,0.0009719999999999323
Right,0.0009719999999999323
Center,0.0009719999999999323
