Gaze direction,Time
Left,0.0005866000000000429
Right,0.0005866000000000429
Center,0.0005866000000000429
